prompt,completion
"Grocery Stores, Brussels, small",Introducing our new e-commerce payment service - the perfect solution for small Brussels-based grocery stores to easily and securely process online transactions.
"Grocery Stores, Brussels, small",Looking for a hassle-free payment solution for your small grocery store in Brussels? Our new e-commerce payment service is here to simplify your transactions and increase your revenue. Try it now!
"Grocery Stores, Brussels, small","""Upgrade your small Brussels grocery store's payment experience with our innovative e-commerce solution. Simplify transactions and boost sales with our easy-to-use platform."""
"Grocery Stores, Brussels, medium","""Say goodbye to cash handling and hello to faster and safer transactions with our new e-commerce payment service tailored for medium-sized grocery stores in Brussels."""
"Grocery Stores, Brussels, medium","""Upgrade your grocery store's payments with our new e-commerce payment service. Safe, fast, and tailored to the needs of medium-sized stores in Brussels."""
"Grocery Stores, Brussels, medium","Make checkout faster and easier for your customers with our new e-commerce payment service. Designed for medium-sized grocery stores in Brussels, it's the convenient solution you've been looking for."
"Grocery Stores, Brussels, large","""Streamline your grocery store's transactions with ease and security using our new e-commerce payment service, designed specifically for large stores in Brussels."""
"Grocery Stores, Brussels, large","""Boost your sales and streamline your operations with our new e-commerce payment service designed specifically for large grocery stores in Brussels."""
"Grocery Stores, Brussels, large","""Say goodbye to payment hassles and increase customer satisfaction with our new e-commerce payment service, tailored for large Grocery Stores in Brussels. Sign up now!"""
"Grocery Stores, Paris, small",Make payment easy and hassle-free for your small Parisian grocery store with our new e-commerce payment service. Sign up now and see the difference!
"Grocery Stores, Paris, small","""Revolutionize your payment process and boost your sales with our innovative e-commerce payment service, tailored for small grocery stores in Paris. Join us now and experience the ease of transactions and customer satisfaction!"""
"Grocery Stores, Paris, small","""Revolutionize your small Parisian grocery business with our hassle-free e-commerce payment service. Streamline your transactions, increase customer satisfaction, and boost your profits today!"""
"Grocery Stores, Paris, medium","""Upgrade your grocery store's payment process with our new e-commerce payment service, designed for the unique needs of medium-sized stores in Paris. Faster transactions, happier customers!"""
"Grocery Stores, Paris, medium","""Take your Grocery Store sales to the next level with our new e-commerce payment service, designed specifically for medium-sized stores in Paris. Streamline your transactions and increase revenue effortlessly. Try it now."""
"Grocery Stores, Paris, medium","""Streamline checkout and increase sales with our new e-commerce payment service tailored for medium-sized Parisian grocery stores."""
"Grocery Stores, Paris, large","""Introducing our new e-commerce payment service, designed specifically for large grocery stores in Paris. Simplify your checkout process and increase customer satisfaction with our secure and user-friendly platform."""
"Grocery Stores, Paris, large","""Boost your sales with our new e-commerce payment service tailored for large Parisian grocery stores. Simplify your transactions and expand your reach to online shoppers."""
"Grocery Stores, Paris, large",Attention Parisian grocery store owners! Streamline your payments with our new e-commerce payment service - designed specifically for large businesses like yours. Sign up now and save time and money!
"Grocery Stores, Berlin, small","""Boost your sales and streamline checkout with our new e-commerce payment service - exclusively designed for small Berlin grocery stores."""
"Grocery Stores, Berlin, small","As a small grocery store in Berlin, increase sales and streamline your checkout process with our new e-commerce payment service – the convenient solution for your customers' shopping experience."
"Grocery Stores, Berlin, small","""Revolutionize your small Berlin grocery store's payment system with our innovative e-commerce service, making transactions easy and convenient for both you and your customers."""
"Grocery Stores, Berlin, medium","""Streamline your checkout process and increase sales with our new e-commerce payment service, tailored specifically for medium-sized grocery stores in Berlin."""
"Grocery Stores, Berlin, medium","""Streamline your grocery store's payment process with our new e-commerce payment service. Safe, fast, and easy to use, our solution is perfect for medium-sized businesses in Berlin."""
"Grocery Stores, Berlin, medium","Get paid instantly with our new e-commerce payment service, tailored to meet the needs of Berlin's medium-sized grocery stores. Streamline your checkout process and increase customer satisfaction today!"
"Grocery Stores, Berlin, large","""Boost your sales and streamline your checkout process with our new e-commerce payment service, perfect for large grocery stores in Berlin."""
"Grocery Stores, Berlin, large","""Streamline your checkout process and increase customer satisfaction with our customizable e-commerce payment service specifically designed for large grocery stores in Berlin."""
"Grocery Stores, Berlin, large","""Upgrade your payment system and streamline checkout at your large Berlin grocery store with our new e-commerce payment service. Say goodbye to long lines and hello to happy customers."""
"Restaurants, Brussels, small","""Boost your small restaurant's revenue with our new hassle-free e-commerce payment service, now available in Brussels. Start accepting online payments today and watch your sales soar."""
"Restaurants, Brussels, small","""Boost your small restaurant's sales in Brussels with our easy and secure e-commerce payment service. Sign up now and start offering your customers a seamless checkout experience."""
"Restaurants, Brussels, small","""Boost your restaurant's sales and streamline payments with our new e-commerce payment service, designed for small businesses in Brussels."""
"Restaurants, Brussels, medium","""Effortlessly accept payments at your restaurant with our new e-commerce payment service, designed specifically for medium-sized businesses in Brussels. Say goodbye to long wait times and complicated payment processing, and focus on what you do best - serving delicious food to your guests."""
"Restaurants, Brussels, medium","""Boost your restaurant's profits with our new e-commerce payment service in Brussels. Simplify transactions and increase customer satisfaction for medium-sized stores."""
"Restaurants, Brussels, medium","""Boost your restaurant's sales and streamline payments with our new e-commerce payment service - now available to medium-sized businesses in Brussels!"""
"Restaurants, Brussels, large","""Upgrade your payment options to attract more customers and increase sales with our new e-commerce payment service. Designed for large restaurants in Brussels, our service is the solution you've been waiting for."""
"Restaurants, Brussels, large","""Maximize restaurant sales with our new e-commerce payment service, tailored to meet the specific needs of large Brussels-based restaurants. Join the future of online payments today."""
"Restaurants, Brussels, large","""Streamline your restaurant's payment process with our new e-commerce payment service - designed for large Brussels-based establishments like yours."""
"Restaurants, Paris, small","""Say goodbye to slow and complicated payment processing! Our new e-commerce payment service is specifically designed for small Parisian restaurants, making transactions simpler and faster than ever before."""
"Restaurants, Paris, small","""Switch to our new e-commerce payment service to streamline restaurant transactions and improve your bottom line. Perfect for the small businesses of Paris."""
"Restaurants, Paris, small","""Revolutionize your restaurant's payment process with our innovative e-commerce service designed specifically for small businesses in Paris."""
"Restaurants, Paris, medium","Easily accept payments and streamline your restaurant's business in Paris with our new e-commerce payment service, designed specifically for medium-sized stores like yours."
"Restaurants, Paris, medium","""Boost your restaurant sales and streamline transactions with our new e-commerce payment service - designed to meet the unique needs of Parisian medium-sized eateries."""
"Restaurants, Paris, medium","""Boost your restaurant's revenue with our new e-commerce payment service, designed to simplify transactions and increase customer satisfaction. Available now for medium-sized stores in Paris."""
"Restaurants, Paris, large","""Upgrade your restaurant's payment process to a seamless, secure and efficient one-stop e-commerce solution. Join other large Parisian stores with our new payment service today!"""
"Restaurants, Paris, large","Get more sales and happy customers with our new e-commerce payment service, designed specifically for large restaurants in Paris. Join us now and enjoy easy transactions with just a few clicks!"
"Restaurants, Paris, large","""Upgrade your restaurant's payment system with our new e-commerce service, designed for large businesses in Paris."""
"Restaurants, Berlin, small","""Revolutionize your restaurant's payment process with our fast and secure e-commerce payment service - perfect for small Berlin-based businesses!"""
"Restaurants, Berlin, small","""Take the hassle out of payments and streamline your restaurant operations with our new e-commerce payment service - designed specifically for small businesses in Berlin."""
"Restaurants, Berlin, small","""Boost your restaurant's revenue with ease! Our new e-commerce payment service is perfect for small Berlin-based restaurants. Sign up now!"""
"Restaurants, Berlin, medium","""Boost your restaurant's sales with ease. Increase your revenue by offering customers an easy and secure payment experience with our new e-commerce payment service – now available for medium-sized stores in Berlin!"""
"Restaurants, Berlin, medium","""Revolutionize your restaurant's payment process with our new e-commerce service, designed for medium-sized businesses in bustling Berlin. Say goodbye to clunky payment systems and hello to seamless transactions."""
"Restaurants, Berlin, medium","""Boost the success of your medium-sized restaurant in Berlin with our new e-commerce payment service - streamline transactions, increase efficiency, and satisfy your customers with easy payments."""
"Restaurants, Berlin, large","""Accept payments seamlessly and efficiently with our new e-commerce payment service - perfect for large restaurants in Berlin looking to streamline their payment process."""
"Restaurants, Berlin, large","""Say goodbye to long checkout lines and complex payment systems at your large restaurant in Berlin with our new e-commerce payment service designed to streamline transactions and enhance customer service."""
"Restaurants, Berlin, large","""Boost your restaurant's bottom line with our new e-commerce payment service, designed specifically for large establishments in Berlin. Streamline transactions and increase customer satisfaction today."""
"Fast Food Restaurants, Brussels, small","""Fast, secure and hassle-free payments for small fast food businesses in Brussels! Save time and money with our new e-commerce payment service."""
"Fast Food Restaurants, Brussels, small","Looking for a seamless, hassle-free payment solution for your small fast food restaurant in Brussels? Try our new e-commerce payment service and provide a convenient experience for your customers!"
"Fast Food Restaurants, Brussels, small","""Fast food restaurants in Brussels can now offer their small businesses a faster, more secure e-commerce payment service - try our new platform today!"""
"Fast Food Restaurants, Brussels, medium","""Boost sales and convenience for your Brussels fast food restaurant with our new e-commerce payment service designed specifically for medium-sized stores."""
"Fast Food Restaurants, Brussels, medium","""Boost your sales and streamline your payments with our new e-commerce payment service designed for fast food restaurants in Brussels. Say goodbye to long lines and lost revenue, and hello to satisfied customers and increased profits!"""
"Fast Food Restaurants, Brussels, medium","""Upgrade your payment system with our new e-commerce service designed specifically for medium-sized fast food restaurants in Brussels, simplifying transactions and increasing customer satisfaction."""
"Fast Food Restaurants, Brussels, large",Unlock the potential of your fast-food restaurant in Brussels with our new e-commerce payment service. Say goodbye to long lines and boost your sales with ease!
"Fast Food Restaurants, Brussels, large","""Boost sales and simplify payments with our new e-commerce payment service designed for large fast food restaurants in Brussels. Streamline transactions for your customers and improve your bottom line today."""
"Fast Food Restaurants, Brussels, large",Transform your fast food restaurant's payment experience with our new e-commerce payment service - now available in Brussels for large stores!
"Fast Food Restaurants, Paris, small","""Boost your sales and streamline your payment process with our new e-commerce payment service, tailor-made for small fast food restaurants in Paris."""
"Fast Food Restaurants, Paris, small","Looking for an easy and secure way to accept payments online for your small Parisian fast food restaurant? Our new e-commerce payment service is here to help – hassle-free payments, every time!"
"Fast Food Restaurants, Paris, small","""Boost your small Parisian fast food restaurant sales with our new e-commerce payment service - fast, secure and hassle-free for both you and your customers!"""
"Fast Food Restaurants, Paris, medium","""Upgrade your fast food restaurant's payment experience with our easy, secure and fast e-commerce payment service. Serve your customers efficiently in Paris and let us handle the rest."""
"Fast Food Restaurants, Paris, medium","""Revolutionize your fast food restaurant's payment process with our new e-commerce payment service. Experience faster, more convenient transactions for your medium-sized Parisian store."""
"Fast Food Restaurants, Paris, medium","""Boost your sales with our new e-commerce payment service, perfect for fast-paced medium-sized restaurants in Paris. Seamlessly integrate online ordering with in-store transactions for a frictionless experience."""
"Fast Food Restaurants, Paris, large","Maximize your efficiency and streamline your payments with our new e-commerce payment service. Designed specifically for large fast food restaurants in Paris, our service saves you time and money."
"Fast Food Restaurants, Paris, large",Introducing our new e-commerce payment service designed specifically for large fast food restaurants in Paris! Say goodbye to long lines and make ordering a breeze for both your staff and customers.
"Fast Food Restaurants, Paris, large","""Boost your sales and streamline your payment process with our new e-commerce payment service, now available to Parisian fast food restaurants of all sizes."""
"Fast Food Restaurants, Berlin, small","""Streamline your payment systems and boost customer satisfaction with our new e-commerce payment service, perfect for small Berlin fast food restaurants."""
"Fast Food Restaurants, Berlin, small","""Upgrade your payment system and streamline your transactions with our new e-commerce service, designed specifically for small fast food restaurants in Berlin."""
"Fast Food Restaurants, Berlin, small","""Upgrade your payment system with our new e-commerce service, specifically designed for small fast food restaurants in Berlin. Increase efficiency and customer satisfaction with secure and quick online transactions."""
"Fast Food Restaurants, Berlin, medium","""Revolutionize your customer experience with our new e-commerce payment service, perfect for medium-sized fast food restaurants in Berlin."""
"Fast Food Restaurants, Berlin, medium",Boost sales and simplify payments in your medium-sized fast food restaurant in Berlin with our new e-commerce payment service. Try it now!
"Fast Food Restaurants, Berlin, medium","""Boost your sales and streamline your payments with our new e-commerce payment service, tailored for medium-sized fast food restaurants in Berlin. Sign up now for seamless transactions and happy customers!"""
"Fast Food Restaurants, Berlin, large","""Revolutionize your fast food restaurant's payment process with our new e-commerce payment service - designed to streamline transactions for large Berlin-based stores like yours."""
"Fast Food Restaurants, Berlin, large","Attention Fast Food Restaurants in Berlin! Streamline your checkout process and increase sales with our new e-commerce payment service, designed for large stores like yours. Try it now and see the difference it makes!"
"Fast Food Restaurants, Berlin, large","Boost your sales and streamline your payment process with our new e-commerce payment service, perfect for large fast food restaurants in Berlin!"
"Pharmacies, Brussels, small","""Upgrade your payment system with our hassle-free e-commerce service, designed for small pharmacies in Brussels. Save time and provide a convenient shopping experience for your customers."""
"Pharmacies, Brussels, small","""Streamline your payment process and improve customer experience with our new e-commerce payment service, tailored for small pharmacies in Brussels."""
"Pharmacies, Brussels, small","""Get ahead of the curve with our new e-commerce payment service designed for small pharmacies in Brussels. Make transactions seamless and secure for your customers today."""
"Pharmacies, Brussels, medium","""Say goodbye to lengthy payment methods! Our new e-commerce payment service offers pharmacies in Brussels a quick and easy way to process transactions that will save time and increase efficiency for medium-sized stores."""
"Pharmacies, Brussels, medium","""Say goodbye to cash handling and hello to hassle-free payments! Our new e-commerce payment service is the perfect solution for medium-sized pharmacies in Brussels looking to simplify their transactions."""
"Pharmacies, Brussels, medium","""Boost your pharmacy's sales with our new e-commerce payment service designed for medium-sized stores in Brussels. Eliminate transaction barriers and attract more customers with seamless online payment options."""
"Pharmacies, Brussels, large",Streamline your payment process and boost your sales with our new e-commerce payment service tailored for large pharmacies in Brussels. Try it now and experience the difference!
"Pharmacies, Brussels, large","""Say goodbye to long lines and complicated payment systems with our new e-commerce payment service. Streamline your transactions and give your large pharmacy in Brussels the convenience it deserves."""
"Pharmacies, Brussels, large","""Streamline your payment process and boost sales with our new e-commerce payment service designed for large pharmacies in Brussels. Sign up now for a special introductory offer!"""
"Pharmacies, Paris, small","""Boost your pharmacy's profits with our new easy-to-use e-commerce payment service designed specifically for small stores in Paris. Streamline your checkout process and improve customer experience today."""
"Pharmacies, Paris, small","""Say goodbye to long lines and complicated payments with our new e-commerce payment service designed specifically for small pharmacies in Paris. Streamline your transactions and focus on what really matters - your customers."""
"Pharmacies, Paris, small","""Boost your sales and streamline your payment process with our new e-commerce payment service, tailored for small pharmacies in Paris. Experience a seamless payment experience and increase your revenue today!"""
"Pharmacies, Paris, medium","""Boost your business with our secure and efficient e-commerce payment service - perfect for medium-sized Parisian pharmacies looking to streamline their transactions and elevate their customer satisfaction."""
"Pharmacies, Paris, medium","""Upgrade your pharmacy's payment experience with our new e-commerce payment service designed for Parisian medium-sized stores. Simplify transactions and increase customer satisfaction today."""
"Pharmacies, Paris, medium","""Boost your pharmacy's revenue with our new e-commerce payment service designed for medium-sized stores in Paris. Simplify transactions and improve customer experience today!"""
"Pharmacies, Paris, large","""Introducing our new e-commerce payment service - the hassle-free solution for Parisian pharmacies looking to streamline online transactions and boost sales. Try it now and experience the benefits of faster checkouts and secure transactions."""
"Pharmacies, Paris, large","Introducing our new e-commerce payment service, designed specifically for large pharmacies in Paris. Simplify your transactions with secure and seamless payments."
"Pharmacies, Paris, large","""Streamline your pharmacy's sales process with our new e-commerce payment service! Our hassle-free system is perfect for large Parisian stores looking for a secure and efficient way to process online payments."""
"Pharmacies, Berlin, small","""Streamline your small pharmacy's payment process with our new e-commerce payment service - simple, secure, and convenient for your Berlin customers."""
"Pharmacies, Berlin, small","""Streamline your payment process and simplify your business with our new e-commerce payment service tailored for small pharmacies in Berlin."""
"Pharmacies, Berlin, small","""Upgrade your payment system with ease and security - our new e-commerce payment service is perfect for small pharmacies in Berlin to improve their financial transactions."""
"Pharmacies, Berlin, medium","""Say goodbye to complicated payment processes with our new e-commerce payment service, designed to simplify transactions for Berlin-based medium-sized pharmacies."""
"Pharmacies, Berlin, medium","""Streamline transactions and increase sales at your medium-sized Berlin pharmacy with our reliable and easy-to-use e-commerce payment service. Try it today and watch your business grow!"""
"Pharmacies, Berlin, medium","""Unlock faster transactions and increase customer satisfaction with our new e-commerce payment service designed specifically for medium-sized pharmacies in Berlin. Join the growing number of stores benefiting from simplified payment processes and elevated customer experiences."""
"Pharmacies, Berlin, large",Attention Berlin pharmacies! Streamline your transactions with our new e-commerce payment service designed for large stores like yours. Sign up now and improve your customers' shopping experience.
"Pharmacies, Berlin, large","As a large pharmacy in Berlin, streamline your checkout process with our new e-commerce payment service, offering a seamless and secure experience for your customers."
"Pharmacies, Berlin, large","""Simplify and streamline your payment process while boosting your customer satisfaction with our new e-commerce payment service - perfect for Berlin's large pharmacies!"""
"Service Stations (Fuel), Brussels, small","""Streamline your payment process and increase efficiency with our new e-commerce payment service tailored for small service stations in Brussels. Try it today and see the difference!"""
"Service Stations (Fuel), Brussels, small","""Get paid faster and easier with our new e-commerce payment service designed for small fuel service stations in Brussels. Simplify transactions and increase revenue today!"""
"Service Stations (Fuel), Brussels, small","""Maximize your earning potential with our secure and hassle-free e-commerce payment service designed specifically for small service station stores in Brussels."""
"Service Stations (Fuel), Brussels, medium","""Streamline your payment process and boost your customer satisfaction with our cutting-edge e-commerce payment service - designed specifically for medium-sized fuel service stations in Brussels."""
"Service Stations (Fuel), Brussels, medium","""Experience hassle-free payments at your medium-sized Brussels fuel station with our new e-commerce payment service – designed to save you time and money."""
"Service Stations (Fuel), Brussels, medium",Looking for a fast and secure way to manage payments at your medium-sized fuel station in Brussels? Our new e-commerce payment service offers a convenient solution to streamline transactions and boost sales. Contact us to discover how we can help your business grow.
"Service Stations (Fuel), Brussels, large","""Streamline sales and boost customer convenience with our new e-commerce payment service designed for large service stations in Brussels."""
"Service Stations (Fuel), Brussels, large","""Rev up your sales with our new e-commerce payment service tailor-made for large service stations in Brussels. Offer your customers smooth and safe fuel purchases online."""
"Service Stations (Fuel), Brussels, large","""Streamline your fuel station business with our new e-commerce payment service - fast, efficient and secure. Join now to gain a competitive edge!"""
"Service Stations (Fuel), Paris, small","""Streamline your payment process and boost customer satisfaction with our new e-commerce payment service designed for small service stations in Paris. Join now and revolutionize the way you do business!"""
"Service Stations (Fuel), Paris, small","""Streamline your fuel transactions and boost sales with our new e-commerce payment service designed specifically for small service stations in Paris. Say goodbye to manual processing and hello to increased efficiency and customer satisfaction."""
"Service Stations (Fuel), Paris, small","""Boost your small fuel station's sales in Paris with our hassle-free e-commerce payment service, designed to simplify transactions and improve customer experience."""
"Service Stations (Fuel), Paris, medium","""Maximize your revenue with our new e-commerce payment service specifically designed for medium-sized fuel service stations in Paris. Streamline transactions and increase customer satisfaction today."""
"Service Stations (Fuel), Paris, medium","""Maximize revenue and streamline your fuel station's operations with our new e-commerce payment service. Sign up today for a simple, secure and unbeatable payment solution tailored to medium-sized fuel stations in Paris."""
"Service Stations (Fuel), Paris, medium","""Transform your fuel stop into a smooth transaction with our new e-commerce payment service. Say goodbye to long queues and missed sales opportunities. Try us out today!"""
"Service Stations (Fuel), Paris, large","""Boost your sales and keep up with the times by offering your customers a secure and convenient e-commerce payment service - the perfect fit for your large fuel station in Paris!"""
"Service Stations (Fuel), Paris, large","""Streamline your transactions and improve customer experience with our new e-commerce payment service designed specifically for large service stations in Paris."""
"Service Stations (Fuel), Paris, large","""Streamline your fuel station operations with our new e-commerce payment service, designed for large Parisian stores like yours. Enjoy faster transactions and increased convenience for your customers."""
"Service Stations (Fuel), Berlin, small","""Boost your sales and streamline your payment process with our new e-commerce payment service designed specifically for small service stations in Berlin."""
"Service Stations (Fuel), Berlin, small","""Fuel up your profits with ease and security with our new e-commerce payment service. Perfect for small service stations in Berlin looking to streamline their transactions."""
"Service Stations (Fuel), Berlin, small","""Maximize fuel sales with ease and security by accepting payments through our new e-commerce payment service, tailored to meet the needs of small service station businesses in Berlin."""
"Service Stations (Fuel), Berlin, medium","""Maximize your revenue and streamline your transactions with our new e-commerce payment service, designed specifically for medium-sized fuel stations in Berlin."""
"Service Stations (Fuel), Berlin, medium","""Boost your business and simplify transactions with our new e-commerce payment service, designed specifically for medium sized service stations in Berlin. Say goodbye to manual processing and hello to efficient, secure payments."""
"Service Stations (Fuel), Berlin, medium","""Upgrade your fuel station's payment system with our new e-commerce service - hassle-free transactions, increased revenue and satisfied customers."""
"Service Stations (Fuel), Berlin, large","""Upgrade your payment system with our new e-commerce payment service and streamline transactions at your large service station in Berlin. Focus on serving customers while we handle the payment process seamlessly."""
"Service Stations (Fuel), Berlin, large","""Fuel your sales with ease! Our new e-commerce payment service streamlines transactions for large service stations in Berlin. Boost customer satisfaction and profits today!"""
"Service Stations (Fuel), Berlin, large","""Maximize your service station's revenue with our secure and user-friendly e-commerce payment service, now available for large stores in Berlin."""
"Electronics Stores, Brussels, small","""Boost your sales and streamline transactions with our new e-commerce payment service - designed specifically for small electronics stores in Brussels."""
"Electronics Stores, Brussels, small","""Boost your small electronics store's sales in Brussels with our hassle-free e-commerce payment service. Connect with customers online and increase your revenue stream today."""
"Electronics Stores, Brussels, small","""Boost your sales and simplify your transactions with our new e-commerce payment service. Small electronic stores in Brussels can now easily manage their payments online and increase customer satisfaction."""
"Electronics Stores, Brussels, medium","""Gain more online sales for your medium-sized electronics store in Brussels with our easy-to-use e-commerce payment service. Sign up today and watch your profits soar!"""
"Electronics Stores, Brussels, medium","Introducing our new e-commerce payment service, designed for Electronics Stores in Brussels! Streamline your checkout process with our secure and user-friendly platform, perfect for medium-sized retailers."
"Electronics Stores, Brussels, medium","""Maximize your sales potential with our new e-commerce payment service designed specifically for medium-sized electronics stores in Brussels. Simplify checkout and increase customer satisfaction today."""
"Electronics Stores, Brussels, large","""Streamline your payment process with our new e-commerce payment service, now available for large electronics stores in Brussels. Increase sales and customer satisfaction with secure and easy payments."""
"Electronics Stores, Brussels, large","Looking for an easy, secure way to accept online payments at your large electronics store in Brussels? Try our new e-commerce payment service - your customers will thank you!"
"Electronics Stores, Brussels, large","Attention Electronics Stores in Brussels! Streamline your payments with our new e-commerce payment service. Easy, fast and secure for large stores like yours."
"Electronics Stores, Paris, small","""Upgrade your small electronics store in Paris with our new e-commerce payment service and boost your sales with easy online transactions."""
"Electronics Stores, Paris, small","""Upgrade your electronics store's payment options with our new e-commerce payment service, designed to support small businesses in Paris. Say goodbye to missed sales opportunities and hello to seamless transactions."""
"Electronics Stores, Paris, small","""Boost sales and streamline payment processes with our new e-commerce payment service, perfect for small electronics stores in Paris. Sign up now and start seeing results!"""
"Electronics Stores, Paris, medium","""Boost sales and provide hassle-free payment options for your tech-savvy customers with our new e-commerce payment service. Join other successful medium-sized electronics stores in Paris and experience the convenience of modern payment solutions."""
"Electronics Stores, Paris, medium",Attention electronics stores in Paris! Boost your sales and streamline your payment process with our new e-commerce payment service. Perfect for medium-sized stores. Try it now!
"Electronics Stores, Paris, medium","""Boost your sales and simplify transactions with our new e-commerce payment service. Designed for medium-sized electronics stores in Paris, our solution delivers fast and secure payments to streamline your business operations."""
"Electronics Stores, Paris, large","""Upgrade your customers' shopping experience with our new e-commerce payment service, designed for large electronics stores in Paris. Start accepting online payments easily and effortlessly today."""
"Electronics Stores, Paris, large","""Streamline your e-commerce transactions and increase sales with our new payment service designed for large electronics stores in Paris. Say goodbye to clunky, outdated systems and hello to a smooth, efficient checkout process for your customers."""
"Electronics Stores, Paris, large","Attention Electronics Stores in Paris! Don't lose sales due to outdated payment methods. Upgrade to our new e-commerce payment service, designed specifically for large retailers like yours."
"Electronics Stores, Berlin, small","""Boost your sales with our new e-commerce payment service. Streamline your transactions and attract more customers with our secure and user-friendly platform - perfect for electronics stores in Berlin."""
"Electronics Stores, Berlin, small","""Upgrade your small electronics store in Berlin with our new e-commerce payment service, offering secure and convenient transactions for your customers."""
"Electronics Stores, Berlin, small","Upgrade your small electronics store with our new e-commerce payment service, designed to streamline transactions and boost sales in Berlin."
"Electronics Stores, Berlin, medium","""Streamline your sales process with our new e-commerce payment service, designed specifically for medium-sized electronics stores in Berlin. Boost your profits and improve customer satisfaction today."""
"Electronics Stores, Berlin, medium",Attention Berlin electronics stores! Upgrade your payment system with our new e-commerce service and increase sales with quick and secure transactions. Try it now!
"Electronics Stores, Berlin, medium",Introducing a lightning-fast e-commerce payment service for medium-sized Berlin electronics stores - streamline your checkout process and improve customer experience today!
"Electronics Stores, Berlin, large","""Revolutionize your payment process and boost sales with our e-commerce payment service. Designed specifically for large electronics stores in Berlin, our service is fast, secure, and convenient. Try it today!"""
"Electronics Stores, Berlin, large","""Maximize your sales potential with our new e-commerce payment service tailored for large electronics stores in Berlin. Get started today and give your customers the flexibility they need to shop with ease."""
"Electronics Stores, Berlin, large","""Upgrade your customers' shopping experience with our new e-commerce payment service, designed for Berlin's large electronics stores. Say goodbye to payment processing headaches and hello to increased sales!"""
